chrom,start,end,name,score,strand
chr11,2280543,2280570,GGGCTCTCTCCGGCTTCCCTGTCCCGT,63,-1.0
chr11,2288946,2288973,CCTTCCCATCCGCAGGGGCACCACATG,1000,-1.0
chr11,2272471,2272498,TGGGCATCAGTCAGGCTCCTTCCCCAG,1000,-1.0
chr11,2288939,2288966,ATCCGCAGGGGCACCACATGAGTCACC,1000,-1.0
chr11,2281534,2281561,TGTCCTAGTGACAAGTGGCCGGACTTG,250,-1.0
chr11,2286805,2286832,GGTGAGGGCCAGCAGCTCCCTGGGGGG,250,1.0
chr11,2272378,2272405,GTGAGTGGAGCCCCTGTGCCGATCCCA,1000,1.0
chr11,2281656,2281683,TGCCTGGGGGGCTATCTTGGAAGCCAC,250,-1.0
chr11,2281587,2281614,CTGTAATCTTATCAGTCTGGACCTGGA,1000,-1.0
chr11,2280138,2280165,CTGTCCTGCCCTTGCAGACATGTGTCC,1000,1.0
chr11,2275350,2275377,GCTTCTGACCAGCACCGCTGGGGTTCT,1000,1.0
chr11,2281652,2281679,TGTGGGGCTATCTTGGAAGCCACATGC,1000,-1.0
chr11,2281956,2281983,GCCGTGCTGAGCGCTGCAGCCACCGTG,1000,1.0
chr11,2290881,2290908,CCACTGTGGGGCAGGGGGTGCAGGAGG,63,-1.0
chr11,2287115,2287142,CCACGGAACAGCACCCATCCTTCTGTC,250,1.0
chr11,2273888,2273915,CAAGCCAATTAGACGAGTGGAACGAGG,1000,1.0
chr11,2281568,2281595,AGGATGCCTGGGGCCCAGGTCCAGGTC,1000,1.0
chr11,2280068,2280095,GTGCTGAGGCCCTGCCACCCCTCACCC,1000,-1.0
chr11,2281619,2281646,CCATGCCCTATTGACAAGTGGCCGGAC,250,-1.0
chr11,2279973,2280000,GTCAGGGTTGCCAAATGCCAGATGCTG,1000,1.0
chr11,2281661,2281688,CTCCCTGCCTGTGGGGCTATCTTGGAA,250,-1.0
chr11,2271673,2271700,ACCTATTGATTCTCTGCAGCGACGATC,63,1.0
chr11,2292147,2292174,GGCTGGGGCTACTGGTATTGCAGCTGC,1000,-1.0
chr11,2290912,2290939,GGCACCTGAGGCCAGATCTGGGTGGAC,1000,-1.0
chr11,2281476,2281503,TGGGCCCCAGGCGTCCTCCTCCAGGGA,1000,-1.0
chr11,2291118,2291145,CAGTAGCGTGCTGGAAACTTCTGTGGG,1000,1.0
chr11,2281684,2281711,GGAGGGCAGGGAGGAAAAGAGGGAAGG,1000,1.0
chr11,2281428,2281455,GGAAAAGCATTGGGTTCTAAGGCAGTA,1000,-1.0
chr11,2286656,2286683,CAGTAAGCCAGTGGGCCCCTGGGGATT,63,1.0
chr11,2282254,2282281,CGTGTAGATGACAGGGTGAGGTAGGGC,1000,-1.0
chr11,2289990,2290017,GTGCCCATTGTCAGGCGCCTGCCATGG,250,-1.0
chr11,2288251,2288278,AGGCCCTGAGAACTGACCCCTGAAGGG,1000,-1.0
chr11,2288498,2288525,GCACCAAGATCCAGGGGCTGCATGGGT,1000,1.0
chr11,2281574,2281601,AGTCTGGACCTGGACCTGGGCCCCAGG,1000,-1.0
chr11,2281513,2281540,CGGACTGATAAGATTACAGCTCCAGTC,1000,1.0
chr11,2279852,2279879,CAGCGCACTGCCCAGGAGGTAGGCTGC,250,-1.0
chr11,2290253,2290280,CCGTGAGTCATCCCCGACTCAGCCCGC,250,-1.0
chr11,2281622,2281649,CTGCCATGCCCTAGTGACAAGTGGCCG,1000,-1.0
chr11,2281579,2281606,TTATCAGTCTGGACCTGGACCTGGGCC,1000,-1.0
chr11,2282528,2282555,GGGTGGAGGGGCCTATGGGACCTCGGG,1000,-1.0
chr11,2280433,2280460,TCACAGGCACCCCCACATGGTAGACGA,250,-1.0
chr11,2281508,2281535,AGGTCCGGACTGATGAGATTACTGCTC,63,1.0
chr11,2283782,2283809,CAAATATACATGTGCGTGTGCATGTGC,250,1.0
chr11,2291404,2291431,TGTGTCCCCGGATCTCCCACCAGGGCC,1000,1.0
chr11,2285706,2285733,TGAGGCTTGGGACAGGTGTGGTGCCTG,1000,-1.0
chr11,2274461,2274488,AGGGAGGCCACCTATTGCTCCAGCTCC,250,1.0
chr11,2274550,2274577,TGGCTGAGATGGCAACTGGCACCGGCA,1000,-1.0
chr11,2282043,2282070,CCAGAAAAGAATTAGAAAGGAGTGAAG,1000,1.0
chr11,2281512,2281539,ACTGGAGCTGTAATCTTATCAGTCCGG,1000,-1.0
chr11,2285187,2285214,TGTGGACCACCCAGGCGGGCACAGTGC,1000,1.0
chr11,2285770,2285797,GGGCTGTAGGCTCTTCTGTTTTGCCTT,250,-1.0
chr11,2290924,2290951,AGAGAAGCCTTGGGCACCTGAGGCCAG,1000,-1.0
chr11,2282930,2282957,GTTTAATGACCCTGGTTTATAAATGTC,1000,1.0
chr11,2280358,2280385,GTGTCTACGGAGTGGGAGTGAGCCCCA,1000,-1.0
chr11,2281020,2281047,GACCGCACAGACCCACTTCCTGACCCC,63,-1.0
chr11,2283346,2283373,GGCCCAGCGGCTGGCTTCTGCATATGT,1000,-1.0
chr11,2281768,2281795,TCTGATGGAGAGACAGGCCCATTCAGA,1000,1.0
chr11,2278726,2278753,CACACCTAGGCCCCCAGCTGAAGTGAC,1000,1.0
chr11,2274776,2274803,CCAGCCTGAGGGTCCCTCACATGTGGG,1000,-1.0
chr11,2281663,2281690,CCCTCCCTGCCTGTGGGGCTATCTTGG,250,-1.0
chr11,2290705,2290732,AGGCTTCTGTGACTGCTCCAGGAGTCG,1000,-1.0
chr11,2290010,2290037,TGGGAACCGTCATTGGAGTTGGGAGGG,250,1.0
chr11,2273098,2273125,AGGATGCTGCGTGGGGGCCATGATAGG,1000,-1.0
chr11,2280911,2280938,GGAGTCCTAGCTCCCCTGGGCAGGGCC,1000,1.0
chr11,2278190,2278217,AAGAGGAAGTGGCTTGTTGAGGGCAAG,250,-1.0
chr11,2289700,2289727,AGAGCAGCCGGCCCGGCCTCCAGGGCC,1000,1.0
chr11,2281541,2281568,GGCCACTTGTCACTAGGACATGGCAGG,1000,1.0
chr11,2281816,2281843,GTGAAATCTAACTTGGGAGTCAGGGGC,1000,-1.0
chr11,2273974,2274001,CAGTCCCTCCAGGGCTGCAGGTTGCTT,1000,1.0
chr11,2281663,2281690,CCCTCCCTGCCTGTGGGGCTATCTTGG,250,-1.0
chr11,2290513,2290540,GGTGTGAGTGGCTAGAGCGGGCCTTGG,250,1.0
chr11,2277105,2277132,TTCAAGCTCCAGGCCCCACTCGCTGTG,1000,1.0
chr11,2287361,2287388,GCAGGGTCATGGAGTGGGGCAGGAGAG,1000,1.0
chr11,2281558,2281585,TGGGCCCCAGGCATCCTCCTGCCATGT,1000,-1.0
chr11,2281509,2281536,GGTCCGGACTGATAAGATTACAGCTCC,1000,1.0
chr11,2282106,2282133,CCCTGGGGCCTCTGGTTCTGCCTGGTC,1000,-1.0
chr11,2283277,2283304,CCAGAAAGAACCGGCGCTGGGGCTGCA,250,1.0
chr11,2288944,2288971,CTCATGTGGTGCCCCTGCGGATGGGAA,1000,1.0
chr11,2290432,2290459,GCCCCCGTGGCAGGCCCTGACAGCGGC,1000,-1.0
chr11,2281532,2281559,TCCTAGTGACAAGTGGCCGGACTGGAG,1000,-1.0
chr11,2288629,2288656,AAGCCACTCCATCCACACCCAGGACAG,1000,-1.0
chr11,2271926,2271953,CCGCTCCATAGACTGACTCTAATTCAG,1000,1.0
chr11,2277320,2277347,TGGGATGGGACTTGGACTTAGAAGCAG,1000,-1.0
chr11,2281620,2281647,TCCGGCCACTTGTCACTAGGGCATGGC,1000,1.0
chr11,2287639,2287666,GGGTGGGGGGAGCTCAAGGTTACCCTG,1000,1.0
chr11,2290145,2290172,CCATTTCACACTCACAGACGCTGAGGC,1000,1.0
chr11,2276000,2276027,CTGCAACCTTGTGCCCCTCCCAAGGGT,1000,1.0
chr11,2280257,2280284,CAGCTCGCCCCAGGCCTCAGCCACACT,250,-1.0
chr11,2281641,2281668,CATGGCAGGGAGCATGTGGATTCCAAG,250,1.0
chr11,2279848,2279875,GGATGCAGCCTACCTCCTGGGCAGTGA,1000,1.0
chr11,2287327,2287354,CAGGGCAGCCGGGCGGCACCAGGGACA,1000,1.0
chr11,2287048,2287075,GGTCCCTTCCCCACTGGTACTGTCTGC,250,-1.0
chr11,2290815,2290842,TCCACACCTCACCAACACCTCGACCTC,250,-1.0
chr11,2279973,2280000,GTCAGGGTTGCCAAATGCCAGATGCTG,1000,1.0
chr11,2284851,2284878,GGAGGAGAGAGAAGAGAGGAGGAGGAG,1000,1.0
chr11,2280313,2280340,AGGGATCTTCTCCCCTTCCTGCCCCGG,1000,1.0
chr11,2281947,2281974,ACTCTGGGAGCCGTGCTGAGCGCTGCA,1000,1.0
chr11,2282815,2282842,TCCAGCTTCACAGGCTAAACAGGGAAG,1000,-1.0
chr11,2280372,2280399,GACCTCTGATCATTGTGTCTACGGAGT,1000,-1.0
chr11,2288187,2288214,GGGGGATGCTGCCTGGGGCTGGGACAG,1000,-1.0
chr11,2279836,2279863,AGACAGAGGGGCGGATGCAGCCTACCT,1000,1.0
chr11,2281622,2281649,CTGCCATGCCCTAGTGACAAGTGGCCG,1000,-1.0
chr11,2279277,2279304,TTACAAAGCCTCCCCCTGGAGGCCCCA,1000,1.0
chr11,2281640,2281667,TTGGAAGCCACATGCTCCCTGCCATGC,1000,-1.0
chr11,2291556,2291583,ACCCAGCCGTCCCCACGCTCACCCCGT,250,-1.0
chr11,2290217,2290244,CCCGCAGTGCCCAGGGGCGGGCAGGCC,250,-1.0
chr11,2290318,2290345,GCATTAGGGTCAGGAGCCAAGTTTGGC,1000,1.0
chr11,2289990,2290017,GTTCCCATTGTCAGGCGCCTGCCATGG,1000,-1.0
chr11,2291478,2291505,CCTGCTCATATACCAGGTCGTAGGTGT,1000,-1.0
chr11,2276532,2276559,AGGCGTCTCTATCCACATCCACGCTGT,1000,-1.0
chr11,2290843,2290870,GGGGCCTGGCTGGATGTGCTGCCTGCG,1000,-1.0
chr11,2283282,2283309,AAGAACCGGCGCTGGGGCTGCAGTACC,250,1.0
chr11,2281492,2281519,CCTGGGGCCCAGGTCCAGGTCCGGACT,1000,1.0
chr11,2281652,2281679,TGTGGGGCTATCTTGGAAGCCACATGC,1000,-1.0
chr11,2289181,2289208,ATTACGTTCTCCTCGAGGGCTGAGAGC,1000,1.0
chr11,2289958,2289985,ACAGCCTCAGAGGCACCTTTGTCCTCC,1000,1.0
chr11,2283970,2283997,CATGAGCACAAGTGAAGGGGCTAGGGA,1000,1.0
chr11,2278576,2278603,AGGGGCGAACCAGACATAGCCAAGAGC,1000,1.0
chr11,2285544,2285571,TTCCACCAGAGAACGCCCCACTCCACG,1000,1.0
chr11,2280358,2280385,GTGTCTACGGAGTGGGAGTGAGCCCCA,1000,-1.0
chr11,2279608,2279635,GCCCATGACTTTCCCCCTCTCAGCGCC,1000,1.0
chr11,2282988,2283015,GCTGCTGCCGGGCCCACCAGCCCCGGG,63,1.0
chr11,2291594,2291621,CAGCTTCTGCTTGGACTGCAGTTCAGA,1000,1.0
chr11,2273252,2273279,CCATGTAGCAATGACCTAAAATGCTCT,63,-1.0
chr11,2275825,2275852,TCATCTGTCCCTAATTACCTCCCAGAG,1000,1.0
chr11,2281403,2281430,AAACTGAGGCCCAGGAGGTCAGGGCTA,250,1.0
chr11,2280196,2280223,AGGAGAGACGGGGTTGCTCATGGTGGG,250,-1.0
chr11,2288415,2288442,CGGCCCAAGGACACTGACTTCATATTC,1000,-1.0
chr11,2284905,2284932,CCTTGCAGCCTCCAGGGCAGGCAGGAG,1000,1.0
chr11,2289383,2289410,GCCTGTGGACCAGCCCCACAGGTACAG,1000,-1.0
chr11,2283266,2283293,GAGCTGGAGGCCCAGAAAGAACCGGCG,250,1.0
chr11,2291502,2291529,GGACGTGGGACGTACCTTTCATCGCCT,1000,-1.0
chr11,2276856,2276883,TCTTGGCTCTCAAGGGACAGGCCAGGG,1000,1.0
chr11,2271753,2271780,TCTCGAGGGAGGAGAGTTTCCCGCAGA,1000,-1.0
chr11,2292059,2292086,TGTTCTGTCACCAGCAGGCAGGCAGCG,1000,1.0
chr11,2281845,2281872,GACAGGTCCTGAGTGCACACAGCCTGG,1000,-1.0
chr11,2274170,2274197,AGTTCTAGCTCAGGTCCAACCCTCGGT,1000,-1.0
chr11,2289907,2289934,AGCAGGAGTTGTCACTCTCGCCCATGC,1000,1.0
chr11,2283864,2283891,TGTGTGTGTGTGTAAGTATCTGTCACC,1000,1.0
chr11,2274012,2274039,CATTGGGGTGAACTCTGCCTAGGAAAA,1000,-1.0
chr11,2289698,2289725,GAAGAGCAGCCGGCCCGGCCTCCAGGG,250,1.0
chr11,2281590,2281617,AGGTCCAGACTGATAAGATTACAGCTC,1000,1.0
chr11,2289666,2289693,GGTGAAGCATCACCTAGGAGCCCAGGC,1000,1.0
chr11,2281045,2281072,TCAGGACCTGGCTCTGTGCAGTACGGG,63,1.0
chr11,2290805,2290832,GTGGAGACATGAGGTCCAGGTGTTGGT,1000,1.0
chr11,2281475,2281502,CTCCCTGGAGGAGGACGCCTGGGGCCC,1000,1.0
chr11,2281589,2281616,AGCTGTAATCTTATCAGTCTGGACCTG,1000,-1.0
chr11,2274241,2274268,TCCTGGGGACACAAACACCCATCGGAT,1000,-1.0
chr11,2281614,2281641,CTCCAGTCCGGCCACTTGTCACTAGGG,1000,1.0
chr11,2287347,2287374,AGGGACAGCCACGGGCAGGGTCATGGA,1000,1.0
chr11,2288055,2288082,GATCGTGGAGCCCCAATTCTGGCGGGG,63,1.0
chr11,2274094,2274121,ATGTGGCAGCCAGCAGAGCCCCCACAT,1000,-1.0
chr11,2289932,2289959,TGAGCAAGGTGTCATTATTACCACAGC,1000,-1.0
chr11,2282671,2282698,TGTGGGCCTAGCAGGGGCAGGACAGGC,1000,-1.0
chr11,2291663,2291690,CTCTGGCCTGTGTCCTGGAACCCCCTC,1000,-1.0
chr11,2279862,2279889,TCCTGGGCAGTGAGCTGCGGTCTGAGG,1000,1.0
chr11,2279739,2279766,CAGTGCGGTTGGCTCCCCCCACCACCT,250,-1.0
chr11,2284439,2284466,GGTCTCCTGAGCTGGCTCAGGGCCTCA,1000,1.0
chr11,2289734,2289761,CTCCTACCCCAAAGCCGGTTGTCTGGC,1000,-1.0
chr11,2281570,2281597,GATGCCTGGGGCCCAGGTCCAGGTCCA,1000,1.0
chr11,2276501,2276528,TGGTGCCCGGCCCCACATACTAGTGGG,1000,1.0
chr11,2290078,2290105,GGTCCTGGTGAGGACTGGAGGCCCAGC,1000,-1.0
chr11,2271480,2271507,CTGATCCAAGCAGGGTCATTCAGGACC,1000,-1.0
chr11,2291431,2291458,AGGACCTCCCTGTGGTCTCTCGGTGCA,1000,1.0
chr11,2280450,2280477,GTGCCTGTGAGTGTGCTGGGGCGTCTG,1000,1.0
chr11,2281623,2281650,CCTGCCATGCCCTAGTGACAAGTGGCC,1000,-1.0
chr11,2289221,2289248,CCCTCCCCCTGTGCCCTGACGAGTCTG,1000,1.0
chr11,2283404,2283431,TTTGTGCACGGGGGCAAGGTGGGGTGG,1000,-1.0
chr11,2281758,2281785,CCTGTCTCTCCATCAGACGGCCCTGAG,1000,-1.0
chr11,2281859,2281886,TTAGGGGTGCCCAGGACAGGGCCTGAG,250,-1.0
chr11,2280121,2280148,CACCAGCCCTACTGTCCCTGTCCTGCC,1000,1.0
chr11,2279874,2279901,GCTGGGCAGGGGCCTCAGACCGCAGCT,1000,-1.0
chr11,2273902,2273929,GACCCCCACTGCAGCCTCGTTCCACTC,1000,-1.0
chr11,2290402,2290429,AGCCTCCACTGCCCACTGCCCGCCCAG,1000,1.0
chr11,2288364,2288391,CCATGGCCACCAGGCCTGACACAGATG,1000,-1.0
chr11,2281920,2281947,GCGGGGTTGAGCCTGGTGGGCCTCCTG,1000,1.0
chr11,2290269,2290296,AAAGTCAGACCACTCTCCGTGAGTCAT,1000,-1.0
chr11,2279940,2279967,GGGAGAGGAACCGTCATGGGGCCTTGG,250,1.0
chr11,2289989,2290016,GCCATGGCAGGCGCCTGACAATGGGAA,1000,1.0
chr11,2279870,2279897,GGCAGGGGCCTCAGACCGCAGCTCACT,1000,-1.0
chr11,2281587,2281614,CTGTAATCTTATCAGTCTGGACCTGGA,1000,-1.0
chr11,2285765,2285792,AAAAGAAGGCAAAACAGAAGATCCTAC,1000,1.0
chr11,2281297,2281324,GGAAGGCCCCTTTAATGAGGGGATGTC,1000,1.0
chr11,2280369,2280396,CCCACTCCGTAGACACAATGATCATAG,250,1.0
chr11,2271643,2271670,AAAGGCAGTTACTGCCCGGGCCACGGG,1000,-1.0
chr11,2281899,2281926,CCCCGCAGAGAAGGCTGGTTGGGAGGA,1000,-1.0
chr11,2281538,2281565,TCCGGCCACTTGTCACTAGGACATGGC,1000,1.0
chr11,2285250,2285277,CACCGACCAGGCAGCTCCCCCAGGAGT,250,-1.0
chr11,2281906,2281933,GGCTCAACCCCGCAGAGAAGGCTGGTT,1000,-1.0
chr11,2273673,2273700,TTAGAGCAGTTTCATGTTTACAGAGAA,1000,-1.0
chr11,2281468,2281495,CCAGGGCCTCCCTGGAGGAGGACGCCT,1000,1.0
chr11,2274820,2274847,CCCACCGCACCTTCCCTCCCACCCTGG,1000,1.0
chr11,2271259,2271286,ACATTAGCCACTGTTTCTTCTCCTCTT,1000,-1.0
chr11,2281572,2281599,TGCCTGGGGCCCAGGTCCAGGTCCAGA,1000,1.0
chr11,2280541,2280568,TCACGGGACCGGGAAGCTGGAGAGAGC,1000,1.0
chr11,2281545,2281572,ACTTGTCACTAGGACATGGCAGGAGGA,1000,1.0
chr11,2281553,2281580,CTAGGACATGGCAGGAGGATGCCTTGG,250,1.0
chr11,2290896,2290923,TCTGGGTGGACGAGGCCACTGTGGGGC,1000,-1.0
chr11,2280743,2280770,ACCAGGCTGTGCACCAATGGGGTAAGT,1000,1.0
chr11,2292088,2292115,GCTTGAGAGAGCTCCCCTTACCAGGGC,1000,1.0
chr11,2282445,2282472,AGGAAACGCCCCTTGAGCTCTCCAGCC,1000,1.0
chr11,2290190,2290217,TGGCCGACAGTGGTGTGGCCAGCTTGT,250,1.0
chr11,2281494,2281521,TGGGGCCCAGGTCCAGGTCCGGACTGA,1000,1.0
chr11,2281573,2281600,GTCTGGACCTGGACCTGGGCCCCAGGC,1000,-1.0
chr11,2290660,2290687,GGGCAGGGACCTCAAAGAGGGCCTCGC,1000,1.0
chr11,2283130,2283157,GCCAGGTGGGAGGCCCCAGTGGGGAGA,1000,1.0
chr11,2274170,2274197,AGTTCTAGCTCAGGTCCAACCCTCGGT,1000,-1.0
chr11,2278351,2278378,TCGAACCCCCTGACAGGTGGACGGGAA,1000,-1.0
